{"cameraMode":{"drawMode":0,"name":"Shaded","section":"Shading Mode"},"sceneLighting":false,"audioPlay":false,"sceneViewState":{"m_AlwaysRefresh":false,"showFog":true,"showSkybox":false,"showFlares":true,"showImageEffects":true,"showParticleSystems":true,"showVisualEffectGraphs":true,"m_FxEnabled":true},"in2DMode":false,"pivot":{"x":-7.025362014770508,"y":1.549607276916504,"z":8.315400123596192},"rotation":{"x":-0.010662556625902653,"y":-0.4585508406162262,"z":-0.0055053867399692539,"w":0.8885928392410278},"size":1.6221833229064942,"orthographic":false}