{"cameraMode":{"drawMode":0,"name":"Shaded","section":"Shading Mode"},"sceneLighting":false,"audioPlay":false,"sceneViewState":{"m_AlwaysRefresh":false,"showFog":true,"showSkybox":false,"showFlares":true,"showImageEffects":true,"showParticleSystems":true,"showVisualEffectGraphs":true,"m_FxEnabled":true},"in2DMode":false,"pivot":{"x":1.5809000730514527,"y":0.11686094105243683,"z":4.274333953857422},"rotation":{"x":0.1459367275238037,"y":-0.21278536319732667,"z":0.03215910866856575,"w":0.9656053185462952},"size":1.2703884840011597,"orthographic":false}