{"cameraMode":{"drawMode":0,"name":"Shaded","section":"Shading Mode"},"sceneLighting":true,"audioPlay":false,"sceneViewState":{"m_AlwaysRefresh":false,"showFog":true,"showSkybox":true,"showFlares":true,"showImageEffects":true,"showParticleSystems":true,"showVisualEffectGraphs":true,"m_FxEnabled":true},"in2DMode":false,"pivot":{"x":2.977914571762085,"y":8.45114517211914,"z":-42.597286224365237},"rotation":{"x":-0.026996484026312829,"y":0.006599761545658112,"z":0.00017822151130530983,"w":0.9996141195297241},"size":5.828084468841553,"orthographic":false}