{"cameraMode":{"drawMode":0,"name":"Shaded","section":"Shading Mode"},"sceneLighting":false,"audioPlay":false,"sceneViewState":{"m_AlwaysRefresh":false,"showFog":true,"showSkybox":false,"showFlares":true,"showImageEffects":true,"showParticleSystems":true,"showVisualEffectGraphs":true,"m_FxEnabled":true},"in2DMode":false,"pivot":{"x":-0.26195359230041506,"y":3.73675799369812,"z":5.501240253448486},"rotation":{"x":0.08389109373092652,"y":-0.015842074528336526,"z":0.00133126403670758,"w":0.9963545799255371},"size":2.938796043395996,"orthographic":false}