{"cameraMode":{"drawMode":0,"name":"Shaded","section":"Shading Mode"},"sceneLighting":false,"audioPlay":false,"sceneViewState":{"m_AlwaysRefresh":false,"showFog":true,"showSkybox":false,"showFlares":true,"showImageEffects":true,"showParticleSystems":true,"showVisualEffectGraphs":true,"m_FxEnabled":true},"in2DMode":false,"pivot":{"x":93.3182144165039,"y":-1.4490489959716797,"z":13.178495407104493},"rotation":{"x":0.023006724193692209,"y":0.6413269639015198,"z":-0.019245358183979989,"w":0.7666836977005005},"size":43.605342864990237,"orthographic":false}