{"cameraMode":{"drawMode":0,"name":"Shaded","section":"Shading Mode"},"sceneLighting":false,"audioPlay":false,"sceneViewState":{"m_AlwaysRefresh":false,"showFog":true,"showSkybox":false,"showFlares":true,"showImageEffects":true,"showParticleSystems":true,"showVisualEffectGraphs":true,"m_FxEnabled":true},"in2DMode":false,"pivot":{"x":10.20626449584961,"y":2.120976448059082,"z":4.601464748382568},"rotation":{"x":0.05096732825040817,"y":-0.020370682701468469,"z":0.0010389984818175436,"w":0.9984951019287109},"size":1.9688516855239869,"orthographic":false}